Model,MAE,RMSE,MAPE (%),Forecast M1,Forecast M2,Forecast M3
XGBoost,1459.19,1684.56,8.58,17547.0703125,12959.8095703125,11811.240234375
SARIMA,6037.92,6039.62,35.13,31163.97,42637.32,30466.22
Prophet,6359.8,6873.25,37.25,30333.43,29944.66,28057.85
